<?xml version="1.0" encoding="UTF-8"?>
<!-- Created with TexturePacker http://www.codeandweb.com/texturepacker-->
<!-- $TexturePacker:SmartUpdate:8e6a2ed48bb9e4445d2a7bba1e241d0d:cf07678f97d49b18d427ee9c2d6f6f8f:cde709370900f12288f3449eded86f07$ -->
<TextureAtlas imagePath="atlas.png">
    <SubTexture name="bigexplosion01" x="1432" y="289" width="128" height="128"/>
    <SubTexture name="bigexplosion02" x="1517" y="159" width="128" height="128"/>
    <SubTexture name="bigexplosion03" x="2" y="289" width="128" height="128"/>
    <SubTexture name="bigexplosion04" x="262" y="289" width="128" height="128"/>
    <SubTexture name="bigexplosion05" x="1777" y="159" width="128" height="128"/>
    <SubTexture name="bigexplosion06" x="1647" y="159" width="128" height="128"/>
    <SubTexture name="bigexplosion07" x="1127" y="159" width="128" height="128"/>
    <SubTexture name="bigexplosion08" x="1257" y="159" width="128" height="128"/>
    <SubTexture name="bigexplosion09" x="1387" y="159" width="128" height="128"/>
    <SubTexture name="bigexplosion10" x="392" y="289" width="128" height="128"/>
    <SubTexture name="bigexplosion11" x="1172" y="289" width="128" height="128"/>
    <SubTexture name="bigexplosion12" x="1692" y="289" width="128" height="128"/>
    <SubTexture name="bigexplosion13" x="1562" y="289" width="128" height="128"/>
    <SubTexture name="bigexplosion14" x="1302" y="289" width="128" height="128"/>
    <SubTexture name="bigexplosion15" x="1042" y="289" width="128" height="128"/>
    <SubTexture name="bigexplosion16" x="652" y="289" width="128" height="128"/>
    <SubTexture name="bigexplosion17" x="912" y="289" width="128" height="128"/>
    <SubTexture name="bigexplosion18" x="782" y="289" width="128" height="128"/>
    <SubTexture name="bigexplosion19" x="522" y="289" width="128" height="128"/>
    <SubTexture name="bigexplosion20" x="132" y="289" width="128" height="128"/>
    <SubTexture name="coin01" x="666" y="2" width="44" height="40"/>
    <SubTexture name="coin02" x="898" y="2" width="44" height="40"/>
    <SubTexture name="coin03" x="806" y="2" width="44" height="40"/>
    <SubTexture name="coin04" x="482" y="2" width="44" height="40"/>
    <SubTexture name="coin05" x="852" y="2" width="44" height="40"/>
    <SubTexture name="coin06" x="390" y="2" width="44" height="40"/>
    <SubTexture name="coin07" x="574" y="2" width="44" height="40"/>
    <SubTexture name="coin08" x="620" y="2" width="44" height="40"/>
    <SubTexture name="coin09" x="436" y="2" width="44" height="40"/>
    <SubTexture name="coin10" x="528" y="2" width="44" height="40"/>
    <SubTexture name="enemyBlack1" x="1269" y="73" width="93" height="84"/>
    <SubTexture name="enemyBlack2" x="1469" y="73" width="104" height="84"/>
    <SubTexture name="enemyBlack3" x="1364" y="73" width="103" height="84"/>
    <SubTexture name="enemyBlack4" x="1185" y="73" width="82" height="84"/>
    <SubTexture name="enemyBlack5" x="1086" y="73" width="97" height="84"/>
    <SubTexture name="enemyBlue1" x="780" y="73" width="93" height="84"/>
    <SubTexture name="enemyBlue2" x="980" y="73" width="104" height="84"/>
    <SubTexture name="enemyBlue3" x="875" y="73" width="103" height="84"/>
    <SubTexture name="enemyBlue4" x="696" y="73" width="82" height="84"/>
    <SubTexture name="enemyBlue5" x="101" y="159" width="97" height="84"/>
    <SubTexture name="enemyGreen1" x="200" y="159" width="93" height="84"/>
    <SubTexture name="enemyGreen2" x="379" y="159" width="104" height="84"/>
    <SubTexture name="enemyGreen3" x="485" y="159" width="103" height="84"/>
    <SubTexture name="enemyGreen4" x="295" y="159" width="82" height="84"/>
    <SubTexture name="enemyGreen5" x="2" y="159" width="97" height="84"/>
    <SubTexture name="enemyRed1" x="1764" y="73" width="93" height="84"/>
    <SubTexture name="enemyRed2" x="590" y="73" width="104" height="84"/>
    <SubTexture name="enemyRed3" x="1659" y="73" width="103" height="84"/>
    <SubTexture name="enemyRed4" x="1575" y="73" width="82" height="84"/>
    <SubTexture name="enemyRed5" x="491" y="73" width="97" height="84"/>
    <SubTexture name="instructionsButton" x="1276" y="2" width="211" height="69"/>
    <SubTexture name="island" x="1212" y="2" width="62" height="63"/>
    <SubTexture name="laserBlue01" x="1149" y="2" width="9" height="54"/>
    <SubTexture name="laserBlue02" x="270" y="2" width="13" height="37"/>
    <SubTexture name="laserBlue03" x="259" y="2" width="9" height="37"/>
    <SubTexture name="laserBlue04" x="233" y="2" width="13" height="37"/>
    <SubTexture name="laserBlue05" x="248" y="2" width="9" height="37"/>
    <SubTexture name="laserBlue06" x="375" y="2" width="13" height="37"/>
    <SubTexture name="laserBlue07" x="285" y="2" width="9" height="37"/>
    <SubTexture name="laserBlue08" x="1084" y="2" width="48" height="46"/>
    <SubTexture name="laserBlue09" x="1034" y="2" width="48" height="46"/>
    <SubTexture name="laserBlue10" x="336" y="2" width="37" height="37"/>
    <SubTexture name="laserBlue11" x="296" y="2" width="38" height="37"/>
    <SubTexture name="laserBlue12" x="1160" y="2" width="13" height="57"/>
    <SubTexture name="laserBlue13" x="1201" y="2" width="9" height="57"/>
    <SubTexture name="laserBlue14" x="1175" y="2" width="13" height="57"/>
    <SubTexture name="laserBlue15" x="1190" y="2" width="9" height="57"/>
    <SubTexture name="laserBlue16" x="1134" y="2" width="13" height="54"/>
    <SubTexture name="meteorBrown_big1" x="285" y="73" width="101" height="84"/>
    <SubTexture name="meteorBrown_big2" x="1005" y="159" width="120" height="98"/>
    <SubTexture name="meteorBrown_big3" x="194" y="73" width="89" height="82"/>
    <SubTexture name="meteorBrown_big4" x="783" y="159" width="98" height="96"/>
    <SubTexture name="meteorBrown_med1" x="944" y="2" width="43" height="43"/>
    <SubTexture name="meteorBrown_med2" x="759" y="2" width="45" height="40"/>
    <SubTexture name="meteorBrown_med3" x="759" y="2" width="45" height="40"/>
    <SubTexture name="meteorBrown_small1" x="140" y="2" width="28" height="28"/>
    <SubTexture name="meteorBrown_small2" x="78" y="2" width="29" height="26"/>
    <SubTexture name="meteorBrown_tiny1" x="38" y="2" width="18" height="18"/>
    <SubTexture name="meteorBrown_tiny2" x="20" y="2" width="16" height="15"/>
    <SubTexture name="meteorGrey_big1" x="388" y="73" width="101" height="84"/>
    <SubTexture name="meteorGrey_big2" x="883" y="159" width="120" height="98"/>
    <SubTexture name="meteorGrey_big3" x="103" y="73" width="89" height="82"/>
    <SubTexture name="meteorGrey_big4" x="683" y="159" width="98" height="96"/>
    <SubTexture name="meteorGrey_med1" x="989" y="2" width="43" height="43"/>
    <SubTexture name="meteorGrey_med2" x="712" y="2" width="45" height="40"/>
    <SubTexture name="meteorGrey_small1" x="170" y="2" width="28" height="28"/>
    <SubTexture name="meteorGrey_small2" x="109" y="2" width="29" height="26"/>
    <SubTexture name="meteorGrey_tiny1" x="58" y="2" width="18" height="18"/>
    <SubTexture name="meteorGrey_tiny2" x="2" y="2" width="16" height="15"/>
    <SubTexture name="platform" x="590" y="159" width="91" height="91"/>
    <SubTexture name="playButton" x="1702" y="2" width="211" height="69"/>
    <SubTexture name="player" x="2" y="73" width="99" height="75"/>
    <SubTexture name="star_gold" x="200" y="2" width="31" height="30"/>
    <SubTexture name="tryAgainButton" x="1489" y="2" width="211" height="69"/>
</TextureAtlas>
