<?xml version="1.0" encoding="UTF-8"?>
<!-- Created with TexturePacker http://www.codeandweb.com/texturepacker-->
<!-- $TexturePacker:SmartUpdate:7f923d0a66bc5825886d7924ee8910f2:0fa03eb6fec952a047be5ccb3bab7c65:cde709370900f12288f3449eded86f07$ -->
<TextureAtlas imagePath="atlas.png">
    <SubTexture name="bigbullet" x="614" y="2" width="32" height="32"/>
    <SubTexture name="bigexplosion01" x="396" y="69" width="128" height="128"/>
    <SubTexture name="bigexplosion02" x="266" y="69" width="128" height="128"/>
    <SubTexture name="bigexplosion03" x="136" y="69" width="128" height="128"/>
    <SubTexture name="bigexplosion04" x="526" y="69" width="128" height="128"/>
    <SubTexture name="bigexplosion05" x="786" y="69" width="128" height="128"/>
    <SubTexture name="bigexplosion06" x="1046" y="69" width="128" height="128"/>
    <SubTexture name="bigexplosion07" x="1306" y="69" width="128" height="128"/>
    <SubTexture name="bigexplosion08" x="1176" y="69" width="128" height="128"/>
    <SubTexture name="bigexplosion09" x="656" y="69" width="128" height="128"/>
    <SubTexture name="bigexplosion10" x="916" y="69" width="128" height="128"/>
    <SubTexture name="bigexplosion11" x="782" y="199" width="128" height="128"/>
    <SubTexture name="bigexplosion12" x="652" y="199" width="128" height="128"/>
    <SubTexture name="bigexplosion13" x="392" y="199" width="128" height="128"/>
    <SubTexture name="bigexplosion14" x="522" y="199" width="128" height="128"/>
    <SubTexture name="bigexplosion15" x="1566" y="69" width="128" height="128"/>
    <SubTexture name="bigexplosion16" x="2" y="199" width="128" height="128"/>
    <SubTexture name="bigexplosion17" x="262" y="199" width="128" height="128"/>
    <SubTexture name="bigexplosion18" x="1436" y="69" width="128" height="128"/>
    <SubTexture name="bigexplosion19" x="1696" y="69" width="128" height="128"/>
    <SubTexture name="bigexplosion20" x="132" y="199" width="128" height="128"/>
    <SubTexture name="blueenemy1" x="70" y="2" width="32" height="32"/>
    <SubTexture name="blueenemy2" x="172" y="2" width="32" height="32"/>
    <SubTexture name="blueenemy3" x="240" y="2" width="32" height="32"/>
    <SubTexture name="brownisland" x="1172" y="2" width="64" height="65"/>
    <SubTexture name="cloud" x="1551" y="199" width="226" height="178"/>
    <SubTexture name="coin01" x="1016" y="2" width="44" height="40"/>
    <SubTexture name="coin02" x="648" y="2" width="44" height="40"/>
    <SubTexture name="coin03" x="970" y="2" width="44" height="40"/>
    <SubTexture name="coin04" x="740" y="2" width="44" height="40"/>
    <SubTexture name="coin05" x="694" y="2" width="44" height="40"/>
    <SubTexture name="coin06" x="786" y="2" width="44" height="40"/>
    <SubTexture name="coin07" x="924" y="2" width="44" height="40"/>
    <SubTexture name="coin08" x="832" y="2" width="44" height="40"/>
    <SubTexture name="coin09" x="878" y="2" width="44" height="40"/>
    <SubTexture name="coin10" x="1062" y="2" width="44" height="40"/>
    <SubTexture name="explosion1" x="1773" y="2" width="65" height="65"/>
    <SubTexture name="explosion2" x="69" y="69" width="65" height="65"/>
    <SubTexture name="explosion3" x="2" y="69" width="65" height="65"/>
    <SubTexture name="explosion4" x="1438" y="2" width="65" height="65"/>
    <SubTexture name="explosion5" x="1304" y="2" width="65" height="65"/>
    <SubTexture name="explosion6" x="1371" y="2" width="65" height="65"/>
    <SubTexture name="explosion7" x="1706" y="2" width="65" height="65"/>
    <SubTexture name="greenenemy1" x="206" y="2" width="32" height="32"/>
    <SubTexture name="greenenemy2" x="138" y="2" width="32" height="32"/>
    <SubTexture name="greenenemy3" x="104" y="2" width="32" height="32"/>
    <SubTexture name="instructionsButton" x="912" y="199" width="211" height="69"/>
    <SubTexture name="island" x="1108" y="2" width="62" height="63"/>
    <SubTexture name="plane1" x="1639" y="2" width="65" height="65"/>
    <SubTexture name="plane2" x="1572" y="2" width="65" height="65"/>
    <SubTexture name="plane3" x="1505" y="2" width="65" height="65"/>
    <SubTexture name="playButton" x="1125" y="199" width="211" height="69"/>
    <SubTexture name="smallbullet" x="36" y="2" width="32" height="32"/>
    <SubTexture name="smallexplosion1" x="2" y="2" width="32" height="32"/>
    <SubTexture name="smallexplosion2" x="274" y="2" width="32" height="32"/>
    <SubTexture name="smallexplosion3" x="376" y="2" width="32" height="32"/>
    <SubTexture name="smallexplosion4" x="478" y="2" width="32" height="32"/>
    <SubTexture name="smallexplosion5" x="546" y="2" width="32" height="32"/>
    <SubTexture name="smallexplosion6" x="512" y="2" width="32" height="32"/>
    <SubTexture name="smallisland" x="1238" y="2" width="64" height="65"/>
    <SubTexture name="tryAgainButton" x="1338" y="199" width="211" height="69"/>
    <SubTexture name="whiteenemy1" x="444" y="2" width="32" height="32"/>
    <SubTexture name="whiteenemy2" x="410" y="2" width="32" height="32"/>
    <SubTexture name="whiteenemy3" x="342" y="2" width="32" height="32"/>
    <SubTexture name="yellowenemy1" x="308" y="2" width="32" height="32"/>
    <SubTexture name="yellowenemy2" x="308" y="2" width="32" height="32"/>
    <SubTexture name="yellowenemy3" x="580" y="2" width="32" height="32"/>
</TextureAtlas>
